--
-- PostgreSQL database dump
--

-- Dumped from database version 13.2
-- Dumped by pg_dump version 13.2

-- Started on 2022-12-10 14:47:50

SET statement_timeout = 0;
SET lock_timeout = 0;
SET idle_in_transaction_session_timeout = 0;
SET client_encoding = 'UTF8';
SET standard_conforming_strings = on;
SELECT pg_catalog.set_config('search_path', '', false);
SET check_function_bodies = false;
SET xmloption = content;
SET client_min_messages = warning;
SET row_security = off;

SET default_tablespace = '';

SET default_table_access_method = heap;

--
-- TOC entry 203 (class 1259 OID 41718)
-- Name: category; Type: TABLE; Schema: public; Owner: postgres
--

CREATE TABLE public.category (
    id integer NOT NULL,
    name character varying(255)
);


ALTER TABLE public.category OWNER TO postgres;

--
-- TOC entry 202 (class 1259 OID 41716)
-- Name: category_id_seq; Type: SEQUENCE; Schema: public; Owner: postgres
--

ALTER TABLE public.category ALTER COLUMN id ADD GENERATED BY DEFAULT AS IDENTITY (
    SEQUENCE NAME public.category_id_seq
    START WITH 1
    INCREMENT BY 1
    NO MINVALUE
    NO MAXVALUE
    CACHE 1
);


--
-- TOC entry 205 (class 1259 OID 41725)
-- Name: image; Type: TABLE; Schema: public; Owner: postgres
--

CREATE TABLE public.image (
    id integer NOT NULL,
    file_name character varying(255),
    product_id integer NOT NULL
);


ALTER TABLE public.image OWNER TO postgres;

--
-- TOC entry 204 (class 1259 OID 41723)
-- Name: image_id_seq; Type: SEQUENCE; Schema: public; Owner: postgres
--

ALTER TABLE public.image ALTER COLUMN id ADD GENERATED BY DEFAULT AS IDENTITY (
    SEQUENCE NAME public.image_id_seq
    START WITH 1
    INCREMENT BY 1
    NO MINVALUE
    NO MAXVALUE
    CACHE 1
);


--
-- TOC entry 209 (class 1259 OID 41768)
-- Name: orders; Type: TABLE; Schema: public; Owner: postgres
--

CREATE TABLE public.orders (
    id integer NOT NULL,
    count integer NOT NULL,
    date_time timestamp without time zone,
    number character varying(255),
    price real NOT NULL,
    status integer,
    person_id integer NOT NULL,
    product_id integer NOT NULL
);


ALTER TABLE public.orders OWNER TO postgres;

--
-- TOC entry 208 (class 1259 OID 41766)
-- Name: orders_id_seq; Type: SEQUENCE; Schema: public; Owner: postgres
--

ALTER TABLE public.orders ALTER COLUMN id ADD GENERATED BY DEFAULT AS IDENTITY (
    SEQUENCE NAME public.orders_id_seq
    START WITH 1
    INCREMENT BY 1
    NO MINVALUE
    NO MAXVALUE
    CACHE 1
);


--
-- TOC entry 201 (class 1259 OID 41711)
-- Name: person; Type: TABLE; Schema: public; Owner: postgres
--

CREATE TABLE public.person (
    id integer NOT NULL,
    login character varying(20),
    password character varying(100),
    role character varying(255)
);


ALTER TABLE public.person OWNER TO postgres;

--
-- TOC entry 200 (class 1259 OID 41709)
-- Name: person_id_seq; Type: SEQUENCE; Schema: public; Owner: postgres
--

ALTER TABLE public.person ALTER COLUMN id ADD GENERATED BY DEFAULT AS IDENTITY (
    SEQUENCE NAME public.person_id_seq
    START WITH 1
    INCREMENT BY 1
    NO MINVALUE
    NO MAXVALUE
    CACHE 1
);


--
-- TOC entry 207 (class 1259 OID 41732)
-- Name: product; Type: TABLE; Schema: public; Owner: postgres
--

CREATE TABLE public.product (
    id integer NOT NULL,
    date_time timestamp without time zone,
    description text NOT NULL,
    price real NOT NULL,
    seller text NOT NULL,
    title text NOT NULL,
    warehouse character varying(255) NOT NULL,
    category_id integer NOT NULL,
    CONSTRAINT product_price_check CHECK ((price >= (1)::double precision))
);


ALTER TABLE public.product OWNER TO postgres;

--
-- TOC entry 211 (class 1259 OID 41785)
-- Name: product_cart; Type: TABLE; Schema: public; Owner: postgres
--

CREATE TABLE public.product_cart (
    id integer NOT NULL,
    person_id integer,
    product_id integer
);


ALTER TABLE public.product_cart OWNER TO postgres;

--
-- TOC entry 210 (class 1259 OID 41783)
-- Name: product_cart_id_seq; Type: SEQUENCE; Schema: public; Owner: postgres
--

ALTER TABLE public.product_cart ALTER COLUMN id ADD GENERATED BY DEFAULT AS IDENTITY (
    SEQUENCE NAME public.product_cart_id_seq
    START WITH 1
    INCREMENT BY 1
    NO MINVALUE
    NO MAXVALUE
    CACHE 1
);


--
-- TOC entry 206 (class 1259 OID 41730)
-- Name: product_id_seq; Type: SEQUENCE; Schema: public; Owner: postgres
--

ALTER TABLE public.product ALTER COLUMN id ADD GENERATED BY DEFAULT AS IDENTITY (
    SEQUENCE NAME public.product_id_seq
    START WITH 1
    INCREMENT BY 1
    NO MINVALUE
    NO MAXVALUE
    CACHE 1
);


--
-- TOC entry 3035 (class 0 OID 41718)
-- Dependencies: 203
-- Data for Name: category; Type: TABLE DATA; Schema: public; Owner: postgres
--

INSERT INTO public.category (id, name) VALUES (1, 'Видеокарты');
INSERT INTO public.category (id, name) VALUES (2, 'Процессоры');
INSERT INTO public.category (id, name) VALUES (3, 'Материнские платы');
INSERT INTO public.category (id, name) VALUES (4, 'Жесткие диски');


--
-- TOC entry 3037 (class 0 OID 41725)
-- Dependencies: 205
-- Data for Name: image; Type: TABLE DATA; Schema: public; Owner: postgres
--

INSERT INTO public.image (id, file_name, product_id) VALUES (35, '6c606e57-9aec-4e34-9382-90e847a2668b.GTX1650_1.jpg', 9);
INSERT INTO public.image (id, file_name, product_id) VALUES (36, 'db9eea17-6884-4b2d-8027-8f1039885fe9.GTX1650_2.jpg', 9);
INSERT INTO public.image (id, file_name, product_id) VALUES (37, 'c8d30cfc-5cf9-43a8-8b14-0bdcf389bbee.GTX1650_3.jpg', 9);
INSERT INTO public.image (id, file_name, product_id) VALUES (38, '6c7e3b47-3f7f-402f-b9d5-ebdf031b9260.GTX1650_4.jpg', 9);
INSERT INTO public.image (id, file_name, product_id) VALUES (39, '6737f406-2a97-4cae-b2bb-59a4867b001c.GTX1650_5.jpg', 9);
INSERT INTO public.image (id, file_name, product_id) VALUES (40, 'cdef6cef-f8bd-43d4-b7bb-d02089e806d8.GTX1660_1.jpg', 10);
INSERT INTO public.image (id, file_name, product_id) VALUES (41, 'e0789f5b-ab62-4ead-b7e0-5d1680b1d09c.GTX1660_2.jpg', 10);
INSERT INTO public.image (id, file_name, product_id) VALUES (42, '3ba67f6f-0ac9-4fa4-9bad-8fed35676a10.GTX1660_3.jpg', 10);
INSERT INTO public.image (id, file_name, product_id) VALUES (43, '04356847-2e1c-4977-aadc-06b84d64873e.GTX1660_4.jpg', 10);
INSERT INTO public.image (id, file_name, product_id) VALUES (44, '31243e29-724e-4e7b-82b9-1b7876fda089.GTX1660_5.jpg', 10);
INSERT INTO public.image (id, file_name, product_id) VALUES (45, '2a87d0a1-569e-4f10-b48e-2f4803f81742.RTX3060_1.png', 11);
INSERT INTO public.image (id, file_name, product_id) VALUES (46, '80febaf3-970f-4cb1-9baf-09d2db0a2f13.RTX3060_2.jpg', 11);
INSERT INTO public.image (id, file_name, product_id) VALUES (47, '8e43388c-a64a-4342-91e6-6cfd014ef4f3.RTX3060_3.jpg', 11);
INSERT INTO public.image (id, file_name, product_id) VALUES (48, '0ed1c7c8-8916-4b1b-9548-b09e1386ec1e.RTX3060_4.jpg', 11);
INSERT INTO public.image (id, file_name, product_id) VALUES (49, '32e040f3-0c05-43f0-a8d8-b51971faf679.RTX3060_5.jpg', 11);
INSERT INTO public.image (id, file_name, product_id) VALUES (50, '83a1cde9-71e8-4e99-a0dc-416ad41e7497.RTX3060TI_1.jpg', 12);
INSERT INTO public.image (id, file_name, product_id) VALUES (51, '2c4e0d00-58c9-4bcb-806a-90a3fd8dbab6.RTX3060TI_2.jpg', 12);
INSERT INTO public.image (id, file_name, product_id) VALUES (52, '0f98bb58-c892-4ee4-a471-c92f396efd74.RTX3060TI_3.jpg', 12);
INSERT INTO public.image (id, file_name, product_id) VALUES (53, '1a196c48-04b3-4c15-9658-4e057f4e8a2c.RTX3060TI_4.jpg', 12);
INSERT INTO public.image (id, file_name, product_id) VALUES (54, '79057be6-7475-4139-b3c1-34de5caa3a43.RTX3060TI_5.jpg', 12);
INSERT INTO public.image (id, file_name, product_id) VALUES (55, '0b448e41-5911-493c-9fc4-0bd83bf98f2a.RTX3070_1.png', 13);
INSERT INTO public.image (id, file_name, product_id) VALUES (56, '45ae648a-df15-40ba-8466-78698506de2a.RTX3070_2.jpg', 13);
INSERT INTO public.image (id, file_name, product_id) VALUES (57, 'bbe0924a-ae37-45c8-9587-d97f95afa120.RTX3070_3.jpg', 13);
INSERT INTO public.image (id, file_name, product_id) VALUES (58, '3023af6e-7302-4b28-8983-164ad1bf9713.RTX3070_4.jpg', 13);
INSERT INTO public.image (id, file_name, product_id) VALUES (59, '0186b885-a286-4d3f-a711-771e6f9129ca.RTX3070_5.jpg', 13);
INSERT INTO public.image (id, file_name, product_id) VALUES (60, '37327c66-f2ff-4009-ab6c-5b0132ff26d2.RTX3070TI_1.jpg', 14);
INSERT INTO public.image (id, file_name, product_id) VALUES (61, '7d3be314-b99c-4918-8e35-6d494c901d4b.RTX3070TI_2.jpg', 14);
INSERT INTO public.image (id, file_name, product_id) VALUES (62, '24fdbd2a-f29f-49cb-94d8-fe67480f7707.RTX3070TI_3.jpg', 14);
INSERT INTO public.image (id, file_name, product_id) VALUES (63, 'b1a4789f-eb0b-49a4-83e7-8bd7bd2aae04.RTX3070TI_4.jpg', 14);
INSERT INTO public.image (id, file_name, product_id) VALUES (64, 'f8146959-a66a-480d-b24c-9234c8446401.RTX3070TI_5.jpg', 14);
INSERT INTO public.image (id, file_name, product_id) VALUES (65, 'f131362a-d3ac-4341-bb1d-89d09e81db14.i5_10400_1.jpg', 15);
INSERT INTO public.image (id, file_name, product_id) VALUES (66, '747b2a1d-efbc-49f8-b25f-c7d3f0b70b5f.i5_10400_2.jpg', 15);
INSERT INTO public.image (id, file_name, product_id) VALUES (67, '3a13de4d-ae56-42d9-81a9-da5af0548de1.R5_5600G_1.jpg', 16);
INSERT INTO public.image (id, file_name, product_id) VALUES (68, 'b1bd9480-1b45-4e4a-8b11-e1894516f132.R5_5600G_2.jpg', 16);
INSERT INTO public.image (id, file_name, product_id) VALUES (69, '4323b5ba-6fe2-4fa9-830b-5f6b6e1c572a.i5_11400_1.jpg', 17);
INSERT INTO public.image (id, file_name, product_id) VALUES (70, 'b0a216c4-b03a-4ac6-b2cb-ad8382fdc517.i5_11400_2.jpg', 17);
INSERT INTO public.image (id, file_name, product_id) VALUES (71, '8a375791-c11c-4088-9ee9-7dd31ff60ab1.i5_12400_1.jpg', 18);
INSERT INTO public.image (id, file_name, product_id) VALUES (72, '97a9d1ec-f7d1-4344-a0a2-c60bb62bf5d1.i5_12400_2.jpg', 18);
INSERT INTO public.image (id, file_name, product_id) VALUES (73, '377cdf1e-3a60-4662-aadd-1cbeff43740b.R7_5700G_1.jpg', 19);
INSERT INTO public.image (id, file_name, product_id) VALUES (74, '9eaf213f-d662-4aa8-9a10-d35d085a4bd6.R7_5700G_2.jpg', 19);
INSERT INTO public.image (id, file_name, product_id) VALUES (75, 'ee8a0f99-e181-4a6d-a6de-1ba14c80dffa.GIGA_B560M_1.png', 20);
INSERT INTO public.image (id, file_name, product_id) VALUES (76, '78fecb85-20e3-4c46-805f-1c18de4f6e18.GIGA_B560M_2.jpg', 20);
INSERT INTO public.image (id, file_name, product_id) VALUES (77, '75caacbd-119c-4372-aabc-7f16d8971053.GIGA_B560M_3.jpg', 20);
INSERT INTO public.image (id, file_name, product_id) VALUES (78, '3147b7ec-931e-4092-a299-51e457cb4ecb.GIGA_B560M_4.jpg', 20);
INSERT INTO public.image (id, file_name, product_id) VALUES (79, 'bdd8e9d3-0453-4c8c-8825-161bce9b88e6.GIGA_B560M_5.jpg', 20);
INSERT INTO public.image (id, file_name, product_id) VALUES (80, '380856f5-e7f6-4f6e-9594-6a366d9e971f.MSI_B660M_1.jpg', 21);
INSERT INTO public.image (id, file_name, product_id) VALUES (81, '7f767b3f-7e49-4ce7-aa3e-6b3e99842b2f.MSI_B660M_2.jpg', 21);
INSERT INTO public.image (id, file_name, product_id) VALUES (82, '86a3b858-4b5d-4ead-97d8-6b51ae1ea7d4.MSI_B660M_3.jpg', 21);
INSERT INTO public.image (id, file_name, product_id) VALUES (83, '454c34bc-0bbb-45f2-844d-b74b09e45c35.MSI_B660M_4.jpg', 21);
INSERT INTO public.image (id, file_name, product_id) VALUES (84, '8d00b891-9aea-44cc-a353-5484b702643f.MSI_B660M_5.jpg', 21);
INSERT INTO public.image (id, file_name, product_id) VALUES (85, '7f977556-37ce-42ec-8398-2c65a9687736.GIGA_B450_1.jpg', 22);
INSERT INTO public.image (id, file_name, product_id) VALUES (86, '94f66185-c6a8-4a5f-a8d1-55b58b76ab90.GIGA_B450_2.jpg', 22);
INSERT INTO public.image (id, file_name, product_id) VALUES (87, '31335f44-44a3-4d07-90b5-087fa1a0204a.GIGA_B450_3.jpg', 22);
INSERT INTO public.image (id, file_name, product_id) VALUES (88, 'd6c86dea-414d-4c55-b706-6c8157d1d159.GIGA_B450_4.jpg', 22);
INSERT INTO public.image (id, file_name, product_id) VALUES (89, '56d2533b-ea56-43b4-82e1-8d3ff12106b2.GIGA_B450_5.jpg', 22);
INSERT INTO public.image (id, file_name, product_id) VALUES (90, '6430c13f-7dc4-49e9-b28e-f1b281a5c934.MSI_Z590_1.png', 23);
INSERT INTO public.image (id, file_name, product_id) VALUES (91, 'efe2b05b-19ce-4cc1-9724-1cd8479b7630.MSI_Z590_2.jpg', 23);
INSERT INTO public.image (id, file_name, product_id) VALUES (92, '53116e08-03d4-4665-8bfa-55e8a5fffa63.MSI_Z590_3.jpg', 23);
INSERT INTO public.image (id, file_name, product_id) VALUES (93, '1e1c4d6a-a7fc-4a8a-aad8-e03f53d45aa7.MSI_Z590_4.jpg', 23);
INSERT INTO public.image (id, file_name, product_id) VALUES (94, '6dc79352-f795-49a6-adc8-975da3249d3d.MSI_Z590_5.jpg', 23);
INSERT INTO public.image (id, file_name, product_id) VALUES (95, '39709da8-891b-4476-a998-01e5454fa5e0.ASUS_B550_1.jpg', 24);
INSERT INTO public.image (id, file_name, product_id) VALUES (96, '2fb75284-ddd9-4cb1-8c8b-4956c09a123c.ASUS_B550_2.jpg', 24);
INSERT INTO public.image (id, file_name, product_id) VALUES (97, '2bf4991a-48c5-4110-a430-f25cb6bbb44a.ASUS_B550_3.jpg', 24);
INSERT INTO public.image (id, file_name, product_id) VALUES (98, 'bf78b37b-7109-4692-a6f7-3e77f9858741.ASUS_B550_4.jpg', 24);
INSERT INTO public.image (id, file_name, product_id) VALUES (99, '5d80cdde-5076-479f-afd5-afaadcad5d9c.ASUS_B550_5.jpg', 24);
INSERT INTO public.image (id, file_name, product_id) VALUES (100, '82f846d7-0933-4c58-b1af-420915fe2a0d.DT01_1.jpg', 25);
INSERT INTO public.image (id, file_name, product_id) VALUES (101, 'd5da29e1-beca-4b10-92bd-b1e005fea186.DT01_2.jpg', 25);
INSERT INTO public.image (id, file_name, product_id) VALUES (102, 'a0aacb3c-391f-4c73-bd00-9b33c767adec.DT01_3.jpg', 25);
INSERT INTO public.image (id, file_name, product_id) VALUES (103, '0290b35f-2647-4039-8f9e-5aa0da1eea80.P300_1.jpg', 26);
INSERT INTO public.image (id, file_name, product_id) VALUES (104, '3e86c7c8-76b5-4ef2-ab73-6f00b1e5db5c.P300_2.jpg', 26);
INSERT INTO public.image (id, file_name, product_id) VALUES (105, '13edfc5f-6824-4969-bcaa-5382cdcdd545.P300_3.jpg', 26);
INSERT INTO public.image (id, file_name, product_id) VALUES (106, '1d748f3f-f86e-40a1-a673-d662411c7d58.WD_BLUE_1.jpg', 27);
INSERT INTO public.image (id, file_name, product_id) VALUES (107, 'fa9311e4-0a96-48ba-bd30-2ba4f598005d.WD_BLUE_2.jpg', 27);
INSERT INTO public.image (id, file_name, product_id) VALUES (108, '970734ae-4352-42fd-b879-a4c26b8c1f4d.WD_BLUE_3.jpg', 27);
INSERT INTO public.image (id, file_name, product_id) VALUES (109, '62e167f6-7bab-4970-96e2-1debe865eb7f.WD_PURPLE_1.jpg', 28);
INSERT INTO public.image (id, file_name, product_id) VALUES (110, '76cc2739-8a76-4a6b-898e-1cdc5e3e6db5.WD_PURPLE_2.jpg', 28);
INSERT INTO public.image (id, file_name, product_id) VALUES (111, '37bfaef6-9875-42e3-970c-cd429c0063cc.WD_PURPLE_3.jpg', 28);
INSERT INTO public.image (id, file_name, product_id) VALUES (112, '71cccf19-a71e-4820-ab8b-fd49b5f089ee.WD_BLACK_1.jpg', 29);
INSERT INTO public.image (id, file_name, product_id) VALUES (113, 'db9d4f75-0b85-4c99-9abe-d6dd147cf394.WD_BLACK_2.jpg', 29);
INSERT INTO public.image (id, file_name, product_id) VALUES (114, '01838c23-deea-4adc-a8c6-e5005f32ada1.WD_BLACK_3.jpg', 29);
INSERT INTO public.image (id, file_name, product_id) VALUES (115, '72ec3888-db34-4d5b-8ee9-fb18f426d867.MG08_1.jpg', 30);
INSERT INTO public.image (id, file_name, product_id) VALUES (116, 'af9297d5-4775-4b5c-8acb-0d5993d63f33.MG08_2.jpg', 30);
INSERT INTO public.image (id, file_name, product_id) VALUES (117, '5ebf76ac-378f-42fd-a7fd-c472c3dcac61.MG08_3.jpg', 30);


--
-- TOC entry 3041 (class 0 OID 41768)
-- Dependencies: 209
-- Data for Name: orders; Type: TABLE DATA; Schema: public; Owner: postgres
--



--
-- TOC entry 3033 (class 0 OID 41711)
-- Dependencies: 201
-- Data for Name: person; Type: TABLE DATA; Schema: public; Owner: postgres
--

INSERT INTO public.person (id, login, password, role) VALUES (1, 'admin', '$2a$10$QpxuzO1IjEtrss.V7wDcAeIXT7Yb2ZGwlNPtAUXbMGaHdUNX..mc.', 'ROLE_ADMIN');
INSERT INTO public.person (id, login, password, role) VALUES (2, 'user', '$2a$10$WfYtaRB/LHJy5DjufFr50OnXtzmhJkrt/W0HMhzYlgvON/fOPmZ6i', 'ROLE_USER');
INSERT INTO public.person (id, login, password, role) VALUES (4, 'user2', '$2a$10$z8SB.yPiFstNrVqwie8i8urg/VDGgDpza2Bg7ryBp//v.82dMJI1G', 'ROLE_USER');


--
-- TOC entry 3039 (class 0 OID 41732)
-- Dependencies: 207
-- Data for Name: product; Type: TABLE DATA; Schema: public; Owner: postgres
--

INSERT INTO public.product (id, date_time, description, price, seller, title, warehouse, category_id) VALUES (9, '2022-12-10 12:40:38.502579', 'Видеокарта Palit GeForce GTX 1650 Gaming Pro [NE6165001BG1-1175A] может использоваться при комплектации игровых компьютеров начального и «начально-среднего» уровня. Главным преимуществом модели во многих случаях станет незначительная (лишь 170 мм) длина. Видеокарту можно установить в ультракомпактный корпус. Количество занимаемых слотов расширения – 2. Стоит отметить и незначительное энергопотребление устройства. Максимальная потребляемая мощность видеокарты равна 75 Вт. Вам потребуется источник питания с мощностью от 300 Вт.
Видеокарта Palit GeForce GTX 1650 Gaming Pro [NE6165001BG1-1175A] обладает 4 ГБ памяти GDDR6. Видеопроцессор – GeForce GTX 1650. Для вывода изображения используются порты DisplayPort (два) и HDMI. Максимальное количество одновременно подключаемых мониторов – 3. ', 14399, 'DNS', 'Palit GeForce GTX 1650 Gaming Pro', 'Москва', 1);
INSERT INTO public.product (id, date_time, description, price, seller, title, warehouse, category_id) VALUES (10, '2022-12-10 12:41:34.7603', 'Видеокарта KFA2 GeForce GTX 1660 [60SRH7DSY91K] позиционируется в качестве игрового устройства. Этот видеоадаптер способен себя проявить в составе производительного системного блока, ориентированного на использование видеоигр. Вы сможете использовать видеокарту в интенсивном режиме, не опасаясь за стабильность работы. Эту возможность помогает обеспечить до мелочей продуманная система охлаждения, состоящая из двух 9-лопастных вентиляторов, массивного радиатора и тепловых трубок. Сравнительно невысокий уровень энергопотребления видеокарты позволяет задействовать для питания компьютера блок питания с мощностью, рекомендованная величина которой равна лишь 450 Вт.
Видеокарта KFA2 GeForce GTX 1660 [60SRH7DSY91K] базируется на графическом процессоре GeForce GTX 1660, произведенном с использованием 12-нанометрового техпроцесса. Штатная частота видеочипа равна 1530 МГц. В оснащение видеокарты входят 6 ГБ памяти GDDR5 с эффективной частотой 8002 МГц и пропускной способностью 192 ГБ/с. Видеоадаптер используется в единственном числе: мультипроцессорная конфигурация не поддерживается. ', 22299, 'DNS', 'KFA2 GeForce GTX 1660', 'Москва', 1);
INSERT INTO public.product (id, date_time, description, price, seller, title, warehouse, category_id) VALUES (11, '2022-12-10 12:42:26.070249', 'Видеокарта KFA2 GeForce RTX 3060 X BLACK (LHR) [36NOL7MD2NEK] создана для установки в геймерские ПК. Она одновременно сочетает в себе привлекательное оформление и скоростные характеристики. Усовершенствованная платформа Ampere 2-го поколения и скоростная память стандарта GDDR6 обеспечивают стабильное функционирование игр и приложений с требовательными настройками графики. Фирменная утилита предоставляет возможность вычислительного разгона для достижения мощности в любых играх.
Из интерфейсов в KFA2 GeForce RTX 3060 X BLACK (LHR) имеются видеовыход HDMI и 3 разъема Display Port. Два осевых вентилятора диаметром 102 мм эффективно и быстро отводят тепло от процессора и радиатора. Прозрачные лопасти вентиляторов дополнены светодиодными элементами, формирующими яркий и равномерный световой поток. ', 34999, 'DNS', 'KFA2 GeForce RTX 3060 X BLACK', 'Москва', 1);
INSERT INTO public.product (id, date_time, description, price, seller, title, warehouse, category_id) VALUES (12, '2022-12-10 12:43:15.208789', 'Видеокарта GIGABYTE GeForce RTX 3060 Ti VISION OC (LHR) выделяется элегантным оформлением в белом цвете, высокой эффективностью охлаждения и исключительной мощностью при обработке требовательных ресурсов. Данная модель оптимизирована для использования в составе игровых компьютеров. Процессор с микроархитектурой Ampere отличается номинальной частотой 1410 МГц.
Система охлаждения модели 3060 Ti VISION OC представлена радиатором и тремя вентиляторами, один из которых выполняет вращение в противоположную сторону для равномерного распределения воздушных потоков и снижения последствия от эффекта турбулентности. Кожух украшен яркими элементами подсветки RGB, которая предусматривает настройку палитры из множества оттенков и синхронизацию с другими совместимыми комплектующими. Для подключения источников изображения предлагаются по 2 разъема DisplayPort и HDMI. ', 42999, 'DNS', 'GIGABYTE GeForce RTX 3060 Ti VISION', 'Москва', 1);
INSERT INTO public.product (id, date_time, description, price, seller, title, warehouse, category_id) VALUES (13, '2022-12-10 12:44:23.3167', 'Видеокарта Palit GeForce RTX 3070 GAMING PRO (LHR) выделяется оригинальным оформлением кожуха с подсветкой и характеристиками премиального класса, поэтому порадует высокой мощностью и бесперебойной работой. Платформа адаптера основана на процессоре GeForce RTX семейства 3070, который обладает номинальной частотой в пределах показателя 1500 МГц и частотой в режиме разгона до показателя 1725 МГц. В конфигурацию адаптера также входят 8 ГБ видеопамяти.
Для подключения источников изображения предусмотрены 4 интерфейса – 3 DisplayPort и 1 HDMI. Кожух привлекает внимание необычным комбинированием форм и элементами светодиодной адресуемой подсветки RGB. Массивный радиатор с тремя осевыми вентиляторами гарантирует быстрое и эффективное рассеивание тепла даже при экстремальной нагрузке Palit RTX 3070 GAMING PRO. ', 44799, 'DNS', 'Palit GeForce RTX 3070 GAMING PRO', 'Москва', 1);
INSERT INTO public.product (id, date_time, description, price, seller, title, warehouse, category_id) VALUES (14, '2022-12-10 12:45:05.273701', 'Видеокарта GIGABYTE GeForce RTX 3070 Ti GAMING OC [GV-N307TGAMING OC-8GD] располагает объемом памяти 8 ГБ и обеспечит высокую производительность системы. Данная модель разрабатывалась для игровых компьютеров и выполнена в стильном футуристичном дизайне, дополненном яркой RGB-подсветкой более чем на 16 млн оттенков. С помощью фирменного приложения RGB Fusion можно настроить разнообразные визуальные эффекты, которые дополнят игровую атмосферу.
Видеокарта GIGABYTE GeForce RTX 3070 Ti GAMING OC [GV-N307TGAMING OC-8GD] получила 2 разъема HDMI и 2 – DisplayPort, что позволяет использовать одновременно до 4 мониторов. Графический адаптер поддерживает разрешение Ultra HD 8K, а технология NVIDIA обеспечивает улучшенное качество картинки, быструю реакцию в динамических играх и высокую скорость обработки видео для стримов. Оптимизированная система охлаждения представлена 3 осевыми вентиляторами, которые могут быть остановлены при низких нагрузках, тогда видеокарта работает полностью бесшумно.', 56999, 'DNS', 'GIGABYTE GeForce RTX 3070 Ti GAMING', 'Москва', 1);
INSERT INTO public.product (id, date_time, description, price, seller, title, warehouse, category_id) VALUES (15, '2022-12-10 12:45:58.206339', 'Процессор Intel Core i5-10400 OEM имеет сокет LGA 1200, что гарантирует его широкую совместимость с большим количеством востребованных моделей материнских плат. Благодаря тому, что наибольшее тепловыделение такого ЦПУ находится на уровне всего 65 Вт, вам не потребуется оснащать его высокопроизводительной системой охлаждения. Базовая тактовая частота данной модели находится на уровне 2900 МГц, а разгон в соответствии с технологией Turbo Boost 2.0 способствует ее повышению до 4300 МГц.
Высокие рабочие характеристики центрального процессора Intel Core i5-10400 OEM обеспечивают его привлекательность для геймера, занятого сборкой эффективного системного блока. Совместимым с ЦПУ типом памяти является DDR4, а наибольший совокупный объем ОЗУ системы может достигать 128 ГБ. В одной сборке с процессором данной модели вы сможете эксплуатировать память, имеющую частоту 1600-2666 МГц. ', 10499, 'DNS', 'Intel Core i5-10400 OEM', 'Москва', 2);
INSERT INTO public.product (id, date_time, description, price, seller, title, warehouse, category_id) VALUES (16, '2022-12-10 12:46:56.749898', '6-ядерный процессор AMD Ryzen 5 5600G поставляется без системы охлаждения, поэтому выбрать кулер вы сможете самостоятельно. Базовая частота процессора, базирующегося на архитектуре Zen 3, равна 3900 МГц. В турборежиме частота на 500 МГц выше – 4400 МГц. Модель подойдет для использования в составе игровой системы или производительного универсального компьютера. Общий объем кэш-памяти второго и третьего уровней равен 19 МБ. Процессор монтируется в сокет AM4.', 11899, 'DNS', 'AMD Ryzen 5 5600G', 'Москва', 2);
INSERT INTO public.product (id, date_time, description, price, seller, title, warehouse, category_id) VALUES (17, '2022-12-10 12:47:34.434433', 'Процессор Intel Core i5-11400 OEM отличается высокой производительностью и может стать отличным решением для игровых и рабочих систем любого класса. Данная модель разработана на базе микроархитектуры Rocket Lake-S и выполнена по техпроцессу 14 нм, благодаря чему процессор отличается высокой технологичностью. Для его монтажа на материнскую плату используется сокет LGA 1200.
Производительность Intel Core i5-11400 представлена 6 ядрами и 12 потоками, которые могут работать в широком диапазоне частот. Благодаря этому, а также большому кэшу разных уровней модель может обеспечить высокое быстродействие в самых разных условиях. Графическая подсистема представлена встроенным чипом Intel, который может обеспечить комфортный уровень производительности для различных задач. Другой особенностью вычислительного блока является поддержка до 128 ГБ оперативной памяти.
Тепловыделение процессора составляет 65 Вт, благодаря чему данная модель отличается невысокими рабочими температурами и подойдет для сборок в корпусах компактного формата. Модель поставляется без системы охлаждения, что позволяет использовать воздушные или водяные модули на выбор пользователя.', 12499, 'DNS', 'Intel Core i5-11400 OEM', 'Москва', 2);
INSERT INTO public.product (id, date_time, description, price, seller, title, warehouse, category_id) VALUES (18, '2022-12-10 12:48:22.029561', 'Процессор Intel Core i5-12400 – чип со сбалансированной производительностью. Можно использовать его для создания различных сборок. При изготовлении применялся технологический процесс 7 нм. Он позволяет добиться небольшого потребления энергии и тепловыделения. Процессор выполнен с применением архитектуры Alder Lake. Она позволила поднять производительность в сравнении с чипами прошлого поколения. Используется шесть ядер и двенадцать потоков для обработки информации.', 14299, 'DNS', 'Intel Core i5-12400 BOX', 'Москва', 2);
INSERT INTO public.product (id, date_time, description, price, seller, title, warehouse, category_id) VALUES (19, '2022-12-10 12:49:01.848225', '8-ядерный процессор AMD Ryzen 7 5700G поставляется без системы охлаждения, поэтому выбрать кулер вы сможете самостоятельно. Базовая частота процессора, базирующегося на архитектуре Zen 3, равна 3800 МГц. В турборежиме частота на 800 МГц выше – 4600 МГц. Модель подойдет для использования в составе игровой системы или производительного универсального компьютера. Общий объем кэш-памяти второго и третьего уровней равен 20 МБ. Процессор монтируется в сокет AM4. ', 16799, 'DNS', 'AMD Ryzen 7 5700G OEM', 'Москва', 2);
INSERT INTO public.product (id, date_time, description, price, seller, title, warehouse, category_id) VALUES (20, '2022-12-10 12:50:14.069384', 'Материнская плата GIGABYTE B560M H предоставляет возможность сборки высокопроизводительного и мощного ПК компактного форм-фактора. В плате реализованы широкие возможности для установки комплектующих, включая 2 модуля DIMM и разъемы для графических адаптеров. Также плату можно оснастить двумя твердотельными накопителями и 4 устройствами SATA.
В GIGABYTE B560M H имеются сетевой контроллер с пропускной способностью 1 Гбит/с и востребованные интерфейсы проводной связи. К особенностям относится система светодиодной подсветки. Надежные компоненты и 8-фазная подсистема питания гарантируют длительный срок службы.', 6499, 'DNS', 'GIGABYTE B560M H', 'Москва', 3);
INSERT INTO public.product (id, date_time, description, price, seller, title, warehouse, category_id) VALUES (21, '2022-12-10 12:51:07.071874', 'Материнская плата MSI PRO B660M-E DDR4 помогает работать еще эффективнее. В данной модели сочетаются широкая функциональность и высокое качество изготовления – она идеально подходит для продуктивного труда.
В материнской плате MSI PRO B660M-E DDR4 реализовано множество инженерных решений, направленный на компьютерных энтузиастов. Она предлагает огромное число разнообразных инструментов для тонкой настройки и диагностики системы, которые удовлетворят даже самого взыскательного пользователя и позволят достичь небывалых высот производительности.
Наиболее скоростные SSD могут снижать свою производительность под высокими нагрузками, чтобы избежать перегрева, поэтому им не помешает дополнительное охлаждение. Высокоскоростные сетевые, внутренние и периферийные интерфейсы помогут гибко настроить систему по своему вкусу. ', 7499, 'DNS', 'MSI PRO B660M-E DDR4', 'Москва', 3);
INSERT INTO public.product (id, date_time, description, price, seller, title, warehouse, category_id) VALUES (22, '2022-12-10 12:51:53.194286', 'Материнская плата GIGABYTE B450 AORUS ELITE – отличный выбор для пользователей, которые не хотят ни в чем себя ограничивать. Модель может использоваться для сборки производительной игровой системы. Важным фактором в этой связи может стать поддержка CrossFire X. Одновременно можно будет задействовать 2 видеоадаптера.
Материнская плата GIGABYTE B450 AORUS ELITE базируется на чипсете AMD B450. Тип сокета – AM4. Допускается монтаж до 128 ГБ памяти. Поддерживаемые форм-факторы M.2-накопителей – 2242, 2260, 2280 и 22110. Плата располагает двумя разъемами M.2. Слотов PCI-E x1 также два. Этого наверняка будет достаточно для установки необходимых вам плат расширения.
Плата имеет оригинальную конструкцию задней панели. Заглушка вам не понадобится. Особенностью «внешности» модели является наличие эффектной многоцветной подсветки. Соответствуя форм-фактору Standard-ATX, плата имеет типовые габаритные размеры – 305x235 мм. Роль упаковки устройства исполняет коробка, презентабельность внешнего вида которой не вызывает сомнений даже у самых требовательных к дизайну пользователей.', 8299, 'DNS', 'GIGABYTE B450 AORUS ELITE', 'Москва', 3);
INSERT INTO public.product (id, date_time, description, price, seller, title, warehouse, category_id) VALUES (23, '2022-12-10 12:53:20.001304', 'Материнская плата MSI MPG Z590 GAMING EDGE WIFI форм-фактора Standard-ATX может похвастать производительностью, которая удивит киберспортсмена или профессионала в области работы с графикой. Она имеет профиль памяти XMP, который обеспечивает скорость разгона и стабильность работы.
Также устройство отвечает за улучшенный звук, загадочную мерцающую подсветку, расширяет возможности локальной сети. Для памяти DDR4 материнская плата MSI MPG Z590 GAMING EDGE WIFI имеет сразу 4 слота. Накопитель с программным обеспечением предусмотрен в комплекте реализации.', 14999, 'DNS', 'MSI MPG Z590 GAMING EDGE WIFI', 'Москва', 3);
INSERT INTO public.product (id, date_time, description, price, seller, title, warehouse, category_id) VALUES (24, '2022-12-10 12:54:20.409675', 'Материнская плата ASUS ROG STRIX B550-A GAMING форм-фактора Standard-ATX разработана для построения игровых систем с высокой вычислительной мощностью. Она предлагает пользователям высокопроизводительные характеристики и оригинальный стиль. Для подключения комплектующих предусмотрены 4 слота под оперативную память, 2 слота PCI-E x16 и 3 слота PCI-E x1, 6 портов SATA III, 2 разъема M.2. ASUS ROG STRIX B550-A GAMING оснащена сетевым адаптером со скоростью 2500 Мбит/с и расширенным набором интерфейсов, включая порт USB Type C. Внешне плата выделяется массивными охлаждающими радиаторами в серебристом цвете и элементами многоцветной светодиодной подсветки, параметрами которой можно управлять в зависимости от собственных предпочтений с помощью фирменного ПО.', 15499, 'DNS', 'ASUS ROG STRIX B550-A GAMING', 'Москва', 3);
INSERT INTO public.product (id, date_time, description, price, seller, title, warehouse, category_id) VALUES (25, '2022-12-10 12:55:14.582889', '1 ТБ Жесткий диск Toshiba DT01 [DT01ACA100] с поддержкой скорости обмена данными до 125 МБайт/сек выполнен в форм-факторе 3.5" и предназначен для использования в ПК. Устройство долговременной памяти демонстрирует полную емкость на уровне 1 ТБ и обеспечивает безопасное хранение ваших мультимедиа, программ и документов. Подключение такого HDD-диска осуществляется за счет интерфейса SATA III.
Жесткий диск для десктопного ПК Toshiba DT01 [DT01ACA100] демонстрирует наибольшее энергопотребление на уровне 6.4 Вт. В режиме ожидания накопитель расходует порядка 3.7 Вт. Эта модель со скоростью вращения шпинделя 7200 об/мин станет удачным решением для вашей сборки за счет высокого ресурса и стабильности работы.', 3199, 'DNS', '1 ТБ Toshiba DT01', 'Москва', 4);
INSERT INTO public.product (id, date_time, description, price, seller, title, warehouse, category_id) VALUES (26, '2022-12-10 12:56:53.469838', 'Жесткий диск Toshiba P300 [HDWD110UZSVA] обладает свойствами надежного запоминающего устройства, предназначенного для установки в настольные компьютеры. Благодаря скорости вращения шпинделя на уровне 7200 об/мин накопитель отличается быстрым обменом информации. Емкость этого накопителя составляет 1 ТБ, что обеспечивает размещение довольно большого количества разнообразных файлов. В конструкции Toshiba P300 применяется интерфейс SATA III, который гарантирует широкую совместимость накопителя с компьютерами и другими вычислительными системами.', 3299, 'DNS', '1 ТБ Toshiba P300', 'Москва', 4);
INSERT INTO public.product (id, date_time, description, price, seller, title, warehouse, category_id) VALUES (27, '2022-12-10 12:57:39.029432', 'Жесткий диск WD Blue [WD10EZRZ] относится к серии решений для настольных и моноблочных компьютеров. Данная модель обладает емкостью 1 ТБ для размещения различных файлов и их записи. Технология CMR способствует повышению плотности записи. Интерфейс SATA III обеспечивает широкую совместимость с оборудованием. Верхняя металлическая панель повышает устойчивость к механическим воздействиям и вибрации. К преимуществам WD Blue относятся низкое потребление энергии и длительный ресурс службы.', 3299, 'DNS', '1 ТБ WD Blue', 'Москва', 4);
INSERT INTO public.product (id, date_time, description, price, seller, title, warehouse, category_id) VALUES (28, '2022-12-10 12:58:33.985094', '4 ТБ Жесткий диск WD Purple [WD42PURZ] выпускается в качестве компонента для системы видеонаблюдения и монтируется внутрь корпуса сетевого видеорегистратора. Задачей модуля долговременной памяти со скоростью вращения шпинделя 5400 об/мин является сохранение видеозаписей, поступающих с камер видеонаблюдения. Диск объемом 4 ТБ поддерживает продолжительную непрерывную работу в условиях большого количества постоянно записываемой и перезаписываемой информации.
Оптимизация под системы видеонаблюдения 3.5-дюймового жесткого диска WD Purple [WD42PURZ] реализована за счет технологии AllFrame, которая способствует защите от ошибок записи и уменьшить потерю кадров в видеозаписях. Накопитель использует интерфейс подключения SATA III. HDD-диск поддерживает включение в RAID-массивы для ускорения доступа к данным и повышения стабильности сохранения данных.', 7599, 'DNS', '4 ТБ WD Purple', 'Москва', 4);
INSERT INTO public.product (id, date_time, description, price, seller, title, warehouse, category_id) VALUES (29, '2022-12-10 12:59:24.131953', '1 ТБ Жесткий диск WD Black [WD1003FZEX], относящийся к числу накопителей форм-фактора 3.5", станет оптимальным выбором для эксплуатации в малогабаритном настольном системном блоке. Эта модель с объемом кэш-памяти 64 МБ привлекает высокой скоростью считывания и записи данных - до 150 Мбайт/с. Накопитель предлагает один 1 ТБ дискового пространства, предназначенного для создания резервной копии операционной системы, хранения софта, мультимедийных файлов и документов пользователя.
Для подключения HDD-накопителя WD Black [WD1003FZEX] используется интерфейс SATA III с пропускной способностью 6 Гбит/с. Воплощающий передовые технологии жесткий диск обладает энергопотреблением в пределах 6.8 Вт и создает минимум шума: шумность устройства в процессе напряженной работы находится на уровне 30 дБ. Энергию для работы данная модель, привлекающая серьезным объемом и впечатляющим быстродействием, получает через интерфейс питания SATA 15 pin.', 7999, 'DNS', '1 ТБ WD Black', 'Москва', 4);
INSERT INTO public.product (id, date_time, description, price, seller, title, warehouse, category_id) VALUES (30, '2022-12-10 12:59:58.972534', 'Жесткий диск Toshiba MG08 [MG08ADA600E] представляет устройство корпоративного класса, обеспечивая высокий уровень производительности и надежности. Он соответствует форм-фактору 3.5 дюйма и обладает надежной металлической конструкцией для защиты хранящихся файлов от неблагоприятных воздействий. Емкость 6 ТБ позволяет разместить большое количество файлов. Технология постоянного кэширования записи помогает сохранить целостность информации при внезапном отключении электроэнергии. Среди других особенностей Toshiba MG08 отмечаются интерфейс SATA III и сниженное энергопотребление. ', 10599, 'DNS', '6 ТБ Toshiba MG08', 'Москва', 4);


--
-- TOC entry 3043 (class 0 OID 41785)
-- Dependencies: 211
-- Data for Name: product_cart; Type: TABLE DATA; Schema: public; Owner: postgres
--



--
-- TOC entry 3049 (class 0 OID 0)
-- Dependencies: 202
-- Name: category_id_seq; Type: SEQUENCE SET; Schema: public; Owner: postgres
--

SELECT pg_catalog.setval('public.category_id_seq', 4, true);


--
-- TOC entry 3050 (class 0 OID 0)
-- Dependencies: 204
-- Name: image_id_seq; Type: SEQUENCE SET; Schema: public; Owner: postgres
--

SELECT pg_catalog.setval('public.image_id_seq', 117, true);


--
-- TOC entry 3051 (class 0 OID 0)
-- Dependencies: 208
-- Name: orders_id_seq; Type: SEQUENCE SET; Schema: public; Owner: postgres
--

SELECT pg_catalog.setval('public.orders_id_seq', 11, true);


--
-- TOC entry 3052 (class 0 OID 0)
-- Dependencies: 200
-- Name: person_id_seq; Type: SEQUENCE SET; Schema: public; Owner: postgres
--

SELECT pg_catalog.setval('public.person_id_seq', 4, true);


--
-- TOC entry 3053 (class 0 OID 0)
-- Dependencies: 210
-- Name: product_cart_id_seq; Type: SEQUENCE SET; Schema: public; Owner: postgres
--

SELECT pg_catalog.setval('public.product_cart_id_seq', 19, true);


--
-- TOC entry 3054 (class 0 OID 0)
-- Dependencies: 206
-- Name: product_id_seq; Type: SEQUENCE SET; Schema: public; Owner: postgres
--

SELECT pg_catalog.setval('public.product_id_seq', 30, true);


--
-- TOC entry 2885 (class 2606 OID 41722)
-- Name: category category_pkey; Type: CONSTRAINT; Schema: public; Owner: postgres
--

ALTER TABLE ONLY public.category
    ADD CONSTRAINT category_pkey PRIMARY KEY (id);


--
-- TOC entry 2887 (class 2606 OID 41729)
-- Name: image image_pkey; Type: CONSTRAINT; Schema: public; Owner: postgres
--

ALTER TABLE ONLY public.image
    ADD CONSTRAINT image_pkey PRIMARY KEY (id);


--
-- TOC entry 2893 (class 2606 OID 41772)
-- Name: orders orders_pkey; Type: CONSTRAINT; Schema: public; Owner: postgres
--

ALTER TABLE ONLY public.orders
    ADD CONSTRAINT orders_pkey PRIMARY KEY (id);


--
-- TOC entry 2883 (class 2606 OID 41715)
-- Name: person person_pkey; Type: CONSTRAINT; Schema: public; Owner: postgres
--

ALTER TABLE ONLY public.person
    ADD CONSTRAINT person_pkey PRIMARY KEY (id);


--
-- TOC entry 2895 (class 2606 OID 41789)
-- Name: product_cart product_cart_pkey; Type: CONSTRAINT; Schema: public; Owner: postgres
--

ALTER TABLE ONLY public.product_cart
    ADD CONSTRAINT product_cart_pkey PRIMARY KEY (id);


--
-- TOC entry 2889 (class 2606 OID 41740)
-- Name: product product_pkey; Type: CONSTRAINT; Schema: public; Owner: postgres
--

ALTER TABLE ONLY public.product
    ADD CONSTRAINT product_pkey PRIMARY KEY (id);


--
-- TOC entry 2891 (class 2606 OID 41745)
-- Name: product uk_qka6vxqdy1dprtqnx9trdd47c; Type: CONSTRAINT; Schema: public; Owner: postgres
--

ALTER TABLE ONLY public.product
    ADD CONSTRAINT uk_qka6vxqdy1dprtqnx9trdd47c UNIQUE (title);


--
-- TOC entry 2898 (class 2606 OID 41773)
-- Name: orders fk1b0m4muwx1t377w9if3w6wwqn; Type: FK CONSTRAINT; Schema: public; Owner: postgres
--

ALTER TABLE ONLY public.orders
    ADD CONSTRAINT fk1b0m4muwx1t377w9if3w6wwqn FOREIGN KEY (person_id) REFERENCES public.person(id);


--
-- TOC entry 2897 (class 2606 OID 41751)
-- Name: product fk1mtsbur82frn64de7balymq9s; Type: FK CONSTRAINT; Schema: public; Owner: postgres
--

ALTER TABLE ONLY public.product
    ADD CONSTRAINT fk1mtsbur82frn64de7balymq9s FOREIGN KEY (category_id) REFERENCES public.category(id);


--
-- TOC entry 2899 (class 2606 OID 41778)
-- Name: orders fk787ibr3guwp6xobrpbofnv7le; Type: FK CONSTRAINT; Schema: public; Owner: postgres
--

ALTER TABLE ONLY public.orders
    ADD CONSTRAINT fk787ibr3guwp6xobrpbofnv7le FOREIGN KEY (product_id) REFERENCES public.product(id);


--
-- TOC entry 2896 (class 2606 OID 41746)
-- Name: image fkgpextbyee3uk9u6o2381m7ft1; Type: FK CONSTRAINT; Schema: public; Owner: postgres
--

ALTER TABLE ONLY public.image
    ADD CONSTRAINT fkgpextbyee3uk9u6o2381m7ft1 FOREIGN KEY (product_id) REFERENCES public.product(id);


--
-- TOC entry 2901 (class 2606 OID 41795)
-- Name: product_cart fkhpnrxdy3jhujameyod08ilvvw; Type: FK CONSTRAINT; Schema: public; Owner: postgres
--

ALTER TABLE ONLY public.product_cart
    ADD CONSTRAINT fkhpnrxdy3jhujameyod08ilvvw FOREIGN KEY (product_id) REFERENCES public.product(id);


--
-- TOC entry 2900 (class 2606 OID 41790)
-- Name: product_cart fksgnkc1ko2i1o9yr2p63ysq3rn; Type: FK CONSTRAINT; Schema: public; Owner: postgres
--

ALTER TABLE ONLY public.product_cart
    ADD CONSTRAINT fksgnkc1ko2i1o9yr2p63ysq3rn FOREIGN KEY (person_id) REFERENCES public.person(id);


-- Completed on 2022-12-10 14:47:50

--
-- PostgreSQL database dump complete
--

